{
    "directory":
    [],
    "sql_file": "",
    "files": [
        {
            "root_directory"    : "update/update_2.5/application/controllers/Home.php",
            "update_directory"  : "application/controllers/Home.php"
        },
        {
            "root_directory"    : "update/update_2.5/application/controllers/Admin.php",
            "update_directory"  : "application/controllers/Admin.php"
        },
        {
            "root_directory"    : "update/update_2.5/application/models/Crud_model.php",
            "update_directory"  : "application/models/Crud_model.php"
        },
        {
            "root_directory"    : "update/update_2.5/application/models/Email_model.php",
            "update_directory"  : "application/models/Email_model.php"
        },
        {
            "root_directory"    : "update/update_2.5/application/views/backend/admin/map_settings.php",
            "update_directory"  : "application/views/backend/admin/map_settings.php"
        },
        {
            "root_directory"    : "update/update_2.5/application/views/backend/admin/system_settings.php",
            "update_directory"  : "application/views/backend/admin/system_settings.php"
        },
        {
            "root_directory"    : "update/update_2.5/application/views/frontend/beauty_service_contact_form.php",
            "update_directory"  : "application/views/frontend/beauty_service_contact_form.php"
        },
        {
            "root_directory"    : "update/update_2.5/application/views/frontend/contact.php",
            "update_directory"  : "application/views/frontend/contact.php"
        },
        {
            "root_directory"    : "update/update_2.5/application/views/frontend/contact_and_social.php",
            "update_directory"  : "application/views/frontend/contact_and_social.php"
        },
        {
            "root_directory"    : "update/update_2.5/application/views/frontend/directory_listing.php",
            "update_directory"  : "application/views/frontend/directory_listing.php"
        },
        {
            "root_directory"    : "update/update_2.5/application/views/frontend/footer.php",
            "update_directory"  : "application/views/frontend/footer.php"
        },
        {
            "root_directory"    : "update/update_2.5/application/views/frontend/footer_more_category.php",
            "update_directory"  : "application/views/frontend/footer_more_category.php"
        },
        {
            "root_directory"    : "update/update_2.5/application/views/frontend/general_contact_form.php",
            "update_directory"  : "application/views/frontend/general_contact_form.php"
        },
        {
            "root_directory"    : "update/update_2.5/application/views/frontend/header.php",
            "update_directory"  : "application/views/frontend/header.php"
        },
        {
            "root_directory"    : "update/update_2.5/application/views/frontend/header_category.php",
            "update_directory"  : "application/views/frontend/header_category.php"
        },
        {
            "root_directory"    : "update/update_2.5/application/views/frontend/header_home.php",
            "update_directory"  : "application/views/frontend/header_home.php"
        },
        {
            "root_directory"    : "update/update_2.5/application/views/frontend/home.php",
            "update_directory"  : "application/views/frontend/home.php"
        },
        {
            "root_directory"    : "update/update_2.5/application/views/frontend/includes_bottom.php",
            "update_directory"  : "application/views/frontend/includes_bottom.php"
        },
        {
            "root_directory"    : "update/update_2.5/application/views/frontend/menu.php",
            "update_directory"  : "application/views/frontend/menu.php"
        },
        {
            "root_directory"    : "update/update_2.5/assets/frontend/css/custom.css",
            "update_directory"  : "assets/frontend/css/custom.css"
        },
        {
            "root_directory"    : "update/update_2.5/assets/frontend/js/map/map-category.php",
            "update_directory"  : "assets/frontend/js/map/map-category.php"
        }
    ]
  }
